id_laticinio,y_real,y_pred_modelo,erro_abs_modelo
1,608.9463273874934,610.76495,21.662743412109247
2,786.3076448031136,787.3289,26.660773302862747
3,411.53943339547357,412.4021,13.190183467272123
4,957.7543093766352,959.0986,31.361775344854617
