polo_climatico,y_real,y_pred_modelo,erro_abs_modelo
JATAI,871.7834463704286,873.57587,27.980314794150374
MINEIROS,321.0513054901448,320.227,9.498903400228844
RIO_VERDE,668.0257918192918,669.76666,23.744225918460263
SUDESTE_SUL_GOIANO,810.4337008765045,811.43555,28.053050467059474
